app_id,game_name,release_date,metacritic_score,google_trends_avg_pre,reddit_posts_avg_pre,twitter_count_avg_pre,reddit_subs_pre,reddit_active_pre,steam_peak_players_7d,twitch_peak_viewers_7d,steam_avg_players_30d,twitch_avg_viewers_30d
440,Team Fortress 2,2007-10-10,92.0,,,,,,,,,
570,Dota 2,2013-07-09,90.0,,,,,,,,,
730,Counter-Strike 2,2012-08-21,,,,,,,,,,
233860,Kenshi,2018-12-06,75.0,,,,,,,,,
252950,Rocket League®,2015-07-06,86.0,,,,,,,,,
271590,Grand Theft Auto V Legacy,2015-04-13,96.0,,,,,,,,,
359550,Tom Clancy's Rainbow Six® Siege,2015-12-01,,,,,,,,,,
892970,Valheim,2021-02-02,,,,,,,,,,
1086940,Baldur's Gate 3,2023-08-03,96.0,,,,,,,,,
1091500,Cyberpunk 2077,2020-12-09,86.0,,,,,,,,,
1172470,Apex Legends™,2020-11-04,88.0,,,,,,,,,
1172620,Sea of Thieves: 2025 Edition,2020-06-03,,,,,,,,,,
1203220,NARAKA: BLADEPOINT,2021-08-11,,,,,,,,,,
1245620,ELDEN RING,2022-02-24,94.0,,,,,,,,,
1551360,Forza Horizon 5,2021-11-08,,,,,,,,,,
1599340,Lost Ark,2022-02-11,,,,,,,,,,
1938090,Call of Duty®,2022-10-27,,,,,,,,,,
1962660,Call of Duty®: Modern Warfare® II,2022-10-27,,,,,,,,,,
